confound,raw_vs_confound_cosine,resid_vs_confound_cosine,confound_direction_source,confound_r2_val
branch_token_count,0.20182208716869354,0.1393972486257553,step3_saved_direction,0.9666177021235213
selfies_len_tokens,0.15591318905353546,0.06194264441728592,step3_saved_direction,0.9951760208298392
ring_token_count,-0.15225893259048462,-0.08403048664331436,step3_saved_direction,0.978860523774061
token_entropy,-0.05263076350092888,-0.26645275950431824,step3_saved_direction,0.8823660662552781
