property,direction_variant,decode_mode,seeds,target_spearman_median,target_slope_median,monotonic_violations_median,validity_fraction_mean,uniqueness_fraction_mean,path_unique_canonical_median,path_constant_fraction_mean,path_similarity_end_median,adjacent_tanimoto_median,confound_slope_median,pred_len_slope_median,dp_no_worse_fraction
TPSA,confound,fixed_length_seed_pred,12,,1.0677888205366812e-15,0.0,1.0,0.006944444444444444,1.0,1.0,1.0,1.0,1.0677888205366812e-15,4.271155282146725e-15,1.0
TPSA,confound,free_length,12,,1.0677888205366812e-15,0.0,1.0,0.006944444444444444,1.0,1.0,1.0,1.0,1.0677888205366812e-15,4.271155282146725e-15,1.0
TPSA,random,fixed_length_seed_pred,12,-0.12780193008453875,-0.04202639706301516,1.0,1.0,0.032407407407407406,5.0,0.0,0.2297864225781846,0.850140056022409,-0.023544200035302602,-3.2395879627423594e-16,1.0
TPSA,random,free_length,12,-0.12780193008453875,-0.1875295532811849,1.0,1.0,0.032407407407407406,4.5,0.0,0.1882591093117409,0.892156862745098,-0.02354420003530258,-0.1648094002471181,1.0
TPSA,raw,fixed_length_seed_pred,12,,-1.613481226165517e-14,0.0,1.0,0.006944444444444444,1.0,1.0,1.0,1.0,-2.0168515327068963e-15,-1.613481226165517e-14,1.0
TPSA,raw,free_length,12,,-1.613481226165517e-14,0.0,1.0,0.006944444444444444,1.0,1.0,1.0,1.0,-2.0168515327068963e-15,-1.613481226165517e-14,1.0
TPSA,residual,fixed_length_seed_pred,12,,3.2336268188306867e-16,0.0,1.0,0.006944444444444444,1.0,1.0,1.0,1.0,-2.5869014550645494e-15,-2.0695211640516395e-14,1.0
TPSA,residual,free_length,12,,3.2336268188306867e-16,0.0,1.0,0.006944444444444444,1.0,1.0,1.0,1.0,-2.5869014550645494e-15,-2.0695211640516395e-14,1.0
