direction_variant,direction_label,direction_space,target_name,confound_name,direction_source,target_mean_train,target_std_train,w_std_norm,delta_prop_nominal,delta_step_std_nominal,delta_step_std_effective,target_total_span_std,benchmark_total_span_std_ref,random_index,step_values_std
raw,TPSA__raw,standardized_latent,TPSA,branch_token_count,step4_saved,61.69980900739864,28.41529052646261,124.95149230957031,7.103822631615652,0.056852643376325285,0.056852643376325285,0.4548211470106023,30.20323944091797,,"[-0.22741057350530114, -0.17055793012897585, -0.11370528675265057, -0.056852643376325285, 0.0, 0.056852643376325285, 0.11370528675265057, 0.17055793012897585, 0.22741057350530114]"
residual,TPSA__residual,standardized_latent,resid_TPSA,branch_token_count,step4_saved,2.169635057962777e-14,22.38570648358972,126.26009368896484,5.59642662089743,0.04432458789935587,0.04432458789935587,0.354596703194847,30.20323944091797,,"[-0.1772983515974235, -0.13297376369806763, -0.08864917579871175, -0.04432458789935587, 0.0, 0.04432458789935587, 0.08864917579871175, 0.13297376369806763, 0.1772983515974235]"
confound,TPSA__confound,standardized_latent,branch_token_count,branch_token_count,step3_saved_direction,6.26421901995525,2.7315788805507064,6.359376430511475,0.6828947201376766,0.10738391218064008,0.10738391218064008,0.8590712974451207,30.20323944091797,,"[-0.42953564872256034, -0.32215173654192025, -0.21476782436128017, -0.10738391218064008, 0.0, 0.10738391218064008, 0.21476782436128017, 0.32215173654192025, 0.42953564872256034]"
random,TPSA__random,standardized_latent,TPSA,branch_token_count,step4_random_controls,61.69980900739864,28.41529052646261,0.6050987243652344,7.103822631615652,11.739939857033681,2.8315536975860596,22.652429580688477,30.20323944091797,128.0,"[-11.326214790344238, -8.494661092758179, -5.663107395172119, -2.8315536975860596, 0.0, 2.8315536975860596, 5.663107395172119, 8.494661092758179, 11.326214790344238]"
