model,target,alpha,target_mean_train,target_std_train,r2_train,r2_val,r2_test,mae_train,mae_val,mae_test,source
C_to_PROPERTY,TPSA,,61.69980900739861,28.415290526462613,0.37936336346395516,0.38109821855541715,0.38337953668979485,17.559099039822833,17.46605890629351,17.540213082359383,inline_confound_residualizer
Z_to_PROPERTY,TPSA,10.0,61.69980900739864,28.41529052646261,0.7773609562726798,0.7770257062373472,0.7765019312020169,10.434829658820734,10.39314960831177,10.454635241295964,step4_saved
Z_to_resid_PROPERTY,resid_TPSA,10.0,2.169635057962777e-14,22.38570648358972,0.6339803823749819,0.6319292779140382,0.630729628401187,10.544792118737613,10.515687768236557,10.55787149944208,step4_saved
Z_to_linked_confound,branch_token_count,0.03162277660168379,6.26421901995525,2.7315788805507064,0.9664589589332713,0.9666177021235213,0.9664787965697097,0.3846991845785846,0.38485797971697133,0.38459421059505494,step3_saved_direction
random_control,TPSA,,61.69980900739864,28.41529052646261,,,,,,,step4_random_controls
