direction_variant,direction_label,direction_space,target_name,confound_name,direction_source,target_mean_train,target_std_train,w_std_norm,delta_prop_nominal,delta_step_std_nominal,delta_step_std_effective,target_total_span_std,benchmark_total_span_std_ref,random_index,step_values_std
raw,cLogP__raw,standardized_latent,cLogP,selfies_len_tokens,inline_fit,3.1656121865490126,1.5938662626457871,1.46012544631958,0.3984665656614468,0.2728988571946535,0.2728988571946535,2.183190857557228,22.371986389160156,,"[0.0, 0.2728988571946535, 0.545797714389307, 0.8186965715839605, 1.091595428778614, 1.3644942859732676, 1.637393143167921, 1.9102920003625745, 2.183190857557228]"
