model,target,alpha,target_mean_train,target_std_train,r2_train,r2_val,r2_test,mae_train,mae_val,mae_test,source
C_to_PROPERTY,HBA,,4.095634769528042,1.8444236958451132,0.4092272053306951,0.41176674531199,0.41199078170522774,1.115194212103699,1.1138813740695224,1.1180021225647496,inline_confound_residualizer
Z_to_PROPERTY,HBA,316.22776601683796,4.095634769528042,1.8444236958451132,0.7583782256802359,0.7578758895741575,0.760187813672698,0.7050924216231368,0.7049108128203126,0.7056189792288663,inline_fit
Z_to_resid_PROPERTY,resid_HBA,1000.0,5.861019963748851e-16,1.417656250088092,0.5413967293757669,0.5381449500067439,0.5427320492090528,0.7461650849575993,0.7455955363934853,0.7463009452818238,inline_fit
Z_to_linked_confound,token_entropy,3.1622776601683795,1.9273031393252602,0.2471096221687621,0.83132713534561,0.8304077259127769,0.8319162362394218,0.07633340948490458,0.07658871542571626,0.07599835710699912,step3_saved_direction
random_control,HBA,,4.095634769528042,1.8444236958451132,,,,,,,inline_random
