direction_variant,direction_label,direction_space,target_name,confound_name,direction_source,target_mean_train,target_std_train,w_std_norm,delta_prop_nominal,delta_step_std_nominal,delta_step_std_effective,target_total_span_std,benchmark_total_span_std_ref,random_index,step_values_std
raw,HBA__raw,standardized_latent,HBA,token_entropy,inline_fit,4.095634769528042,1.8444236958451132,1.7645623683929443,0.4611059239612783,0.2613146082114544,0.2613146082114544,2.0905168656916353,22.371986389160156,,"[0.0, 0.2613146082114544, 0.5226292164229088, 0.7839438246343633, 1.0452584328458177, 1.306573041057272, 1.5678876492687266, 1.829202257480181, 2.0905168656916353]"
