model,target,alpha,target_mean_train,target_std_train,r2_train,r2_val,r2_test,mae_train,mae_val,mae_test,source
C_to_PROPERTY,cLogP,,3.1656121865490126,1.5938662626457871,0.36184875203083056,0.3664226686793084,0.35789551935783204,0.9911326678440704,0.9861938127812104,0.9893728421218748,inline_confound_residualizer
Z_to_PROPERTY,cLogP,0.1,3.1656121865490126,1.5938662626457871,0.6863843275387723,0.6836259294568012,0.6823804620637877,0.6824271668900118,0.6846306072398656,0.68260395856605,inline_fit
Z_to_resid_PROPERTY,resid_cLogP,3162.2776601683795,-8.454662730507956e-17,1.2732500135182816,0.5816335054592374,0.574977386327972,0.5790862422074325,0.627876285479174,0.6301998181357332,0.6277630296115813,inline_fit
Z_to_linked_confound,selfies_len_tokens,0.03162277660168379,36.42548802401805,12.632949502684344,0.9906708652110252,0.9905542915141781,0.990597251592407,0.9420765613414959,0.947200978678639,0.9406792207828508,step3_saved_direction
random_control,cLogP,,3.1656121865490126,1.5938662626457871,,,,,,,inline_random
