property,direction_variant,span_label,decode_mode,span_multiplier,seeds,target_spearman_median,target_slope_median,monotonic_violations_median,validity_fraction_mean,uniqueness_fraction_mean,path_unique_canonical_median,path_constant_fraction_mean,path_similarity_end_median,adjacent_tanimoto_median,confound_slope_median,pred_len_slope_median,dp_no_worse_fraction
cLogP,raw,x1,free_length,1.0,12,-0.07759402897989853,-1.036073314700817e-15,0.0,1.0,0.009259259259259259,1.0,0.8333333333333334,1.0,1.0,-1.2249117990321938e-14,0.24429075061722177,1.0
cLogP,raw,x16,free_length,16.0,12,0.5690426379538917,0.10747147881634517,2.5,1.0,0.06944444444444445,8.0,0.0,0.0639036341363822,0.22671303774059703,0.4943070657020544,2.240604228317422,1.0
cLogP,raw,x4,free_length,4.0,12,0.636145697407319,0.057932024691684805,0.5,1.0,0.03125,4.0,0.16666666666666666,0.21654929577464788,1.0,0.7786767675924233,2.1833485836415063,1.0
cLogP,raw,x64,free_length,64.0,12,0.375,0.03530099292908531,3.0,1.0,0.06539351851851852,9.0,0.0,0.05750165234633179,0.2211602430534524,0.35163022763496216,2.2259981359603125,1.0
