direction_variant,span_multiplier,span_label,direction_label,direction_space,target_name,confound_name,direction_source,target_mean_train,target_std_train,w_std_norm,delta_prop_nominal,delta_step_std_nominal,delta_step_std_effective,base_target_total_span_std,target_total_span_std,benchmark_total_span_std_ref,sweep_max_total_span_std,random_index,step_values_std
raw,1.0,x1,cLogP__raw__x1,standardized_latent,cLogP,selfies_len_tokens,inline_fit,3.1656121865490126,1.5938662626457871,1.46012544631958,0.3984665656614468,0.2728988571946535,0.2728988571946535,2.183190857557228,2.183190857557228,22.371986389160156,44.74397277832031,,"[0.0, 0.2728988571946535, 0.545797714389307, 0.8186965715839605, 1.091595428778614, 1.3644942859732676, 1.637393143167921, 1.9102920003625745, 2.183190857557228]"
raw,4.0,x4,cLogP__raw__x4,standardized_latent,cLogP,selfies_len_tokens,inline_fit,3.1656121865490126,1.5938662626457871,1.46012544631958,0.3984665656614468,0.2728988571946535,1.091595428778614,2.183190857557228,8.732763430228912,22.371986389160156,44.74397277832031,,"[0.0, 1.091595428778614, 2.183190857557228, 3.274786286335842, 4.366381715114456, 5.45797714389307, 6.549572572671684, 7.641168001450298, 8.732763430228912]"
raw,16.0,x16,cLogP__raw__x16,standardized_latent,cLogP,selfies_len_tokens,inline_fit,3.1656121865490126,1.5938662626457871,1.46012544631958,0.3984665656614468,0.2728988571946535,4.366381715114456,2.183190857557228,34.93105372091565,22.371986389160156,44.74397277832031,,"[0.0, 4.366381715114456, 8.732763430228912, 13.099145145343368, 17.465526860457825, 21.83190857557228, 26.198290290686735, 30.564672005801192, 34.93105372091565]"
raw,64.0,x64,cLogP__raw__x64,standardized_latent,cLogP,selfies_len_tokens,inline_fit,3.1656121865490126,1.5938662626457871,1.46012544631958,0.3984665656614468,0.2728988571946535,5.592996597290039,2.183190857557228,44.74397277832031,22.371986389160156,44.74397277832031,,"[0.0, 5.592996597290039, 11.185993194580078, 16.778989791870117, 22.371986389160156, 27.964982986450195, 33.557979583740234, 39.15097618103027, 44.74397277832031]"
