direction_variant,span_multiplier,span_label,direction_label,direction_space,target_name,confound_name,direction_source,target_mean_train,target_std_train,w_std_norm,delta_prop_nominal,delta_step_std_nominal,delta_step_std_effective,base_target_total_span_std,target_total_span_std,benchmark_total_span_std_ref,sweep_max_total_span_std,random_index,step_values_std
raw,1.0,x1,TPSA__raw__x1,standardized_latent,TPSA,selfies_len_tokens,inline_fit,61.69980900739861,28.415290526462613,24.71550941467285,7.103822631615653,0.2874236784857984,0.2874236784857984,2.2993894278863873,2.2993894278863873,22.371986389160156,44.74397277832031,,"[0.0, 0.2874236784857984, 0.5748473569715968, 0.8622710354573953, 1.1496947139431937, 1.437118392428992, 1.7245420709147905, 2.0119657494005887, 2.2993894278863873]"
raw,4.0,x4,TPSA__raw__x4,standardized_latent,TPSA,selfies_len_tokens,inline_fit,61.69980900739861,28.415290526462613,24.71550941467285,7.103822631615653,0.2874236784857984,1.1496947139431937,2.2993894278863873,9.19755771154555,22.371986389160156,44.74397277832031,,"[0.0, 1.1496947139431937, 2.2993894278863873, 3.449084141829581, 4.598778855772775, 5.748473569715968, 6.898168283659162, 8.047862997602355, 9.19755771154555]"
raw,16.0,x16,TPSA__raw__x16,standardized_latent,TPSA,selfies_len_tokens,inline_fit,61.69980900739861,28.415290526462613,24.71550941467285,7.103822631615653,0.2874236784857984,4.598778855772775,2.2993894278863873,36.7902308461822,22.371986389160156,44.74397277832031,,"[0.0, 4.598778855772775, 9.19755771154555, 13.796336567318324, 18.3951154230911, 22.993894278863873, 27.592673134636648, 32.19145199040942, 36.7902308461822]"
raw,64.0,x64,TPSA__raw__x64,standardized_latent,TPSA,selfies_len_tokens,inline_fit,61.69980900739861,28.415290526462613,24.71550941467285,7.103822631615653,0.2874236784857984,5.592996597290039,2.2993894278863873,44.74397277832031,22.371986389160156,44.74397277832031,,"[0.0, 5.592996597290039, 11.185993194580078, 16.778989791870117, 22.371986389160156, 27.964982986450195, 33.557979583740234, 39.15097618103027, 44.74397277832031]"
