property,direction_variant,span_label,decode_mode,span_multiplier,seeds,target_spearman_median,target_slope_median,monotonic_violations_median,validity_fraction_mean,uniqueness_fraction_mean,path_unique_canonical_median,path_constant_fraction_mean,path_similarity_end_median,adjacent_tanimoto_median,confound_slope_median,pred_len_slope_median,dp_no_worse_fraction
TPSA,raw,x1,free_length,1.0,12,,-6.604219493289156e-15,0.0,1.0,0.008680555555555554,1.0,0.8333333333333334,1.0,1.0,-2.6666943801851022e-15,0.20295242772148467,1.0
TPSA,raw,x16,free_length,16.0,12,-0.25470824835713707,-0.1786706194048106,3.0,1.0,0.07407407407407408,8.0,0.0,0.0421875,0.149781679672984,0.6632195405898641,1.5746933900890485,1.0
TPSA,raw,x4,free_length,4.0,12,0.008814568404953253,0.17729344221670057,1.0,1.0,0.04513888888888889,5.0,0.0,0.10960960960960961,0.8108225108225109,2.8340856871107833,3.2037490376034943,1.0
TPSA,raw,x64,free_length,64.0,12,-0.29063655954944767,-0.22073736535643962,3.0,1.0,0.0625,8.0,0.0,0.031441906165561286,0.13640873015873017,0.5959834366694279,1.4407899581483417,1.0
