{
  "phase1/train/token_accuracy": 0.9987241732197342,
  "phase1/train/exact_sequence_accuracy": 0.9617763035740698,
  "phase1/train/length_mae": 0.05673131693316675,
  "phase1/train/length_rmse": 0.24110524356365204,
  "phase1/train/exact_match_rate": 0.9617763035740698,
  "phase1/train/length_mismatch_rate": 0.05612866273708857,
  "phase1/train/invalid_smiles_rate": 0.0,
  "phase1/val/token_accuracy": 0.9987379012004682,
  "phase1/val/exact_sequence_accuracy": 0.9621475327291037,
  "phase1/val/length_mae": 0.05683534743202417,
  "phase1/val/length_rmse": 0.24102729558944702,
  "phase1/val/exact_match_rate": 0.9621475327291037,
  "phase1/val/length_mismatch_rate": 0.05626888217522659,
  "phase1/val/invalid_smiles_rate": 0.0,
  "phase1/test/token_accuracy": 0.9987092847823075,
  "phase1/test/exact_sequence_accuracy": 0.9614430835462796,
  "phase1/test/length_mae": 0.05624299794816279,
  "phase1/test/length_rmse": 0.23884853720664978,
  "phase1/test/exact_match_rate": 0.9614430835462796,
  "phase1/test/length_mismatch_rate": 0.05586535919739177,
  "phase1/test/invalid_smiles_rate": 0.0,
  "phase2/status": "skipped",
  "phase3/source": "step3_cache",
  "phase3/cache_message": "using cached Step 3 latents",
  "phase3/total_kl_mean": 201.30064392089844,
  "phase3/total_kl_median": 189.0450439453125,
  "phase3/total_kl_p10": 118.41496276855469,
  "phase3/total_kl_p90": 303.6814270019531,
  "phase3/active_units_count": 256.0,
  "phase3/active_units_thresh": 0.01,
  "phase4": {
    "overall_valid_fraction": 1.0,
    "valid_fraction_by_step": [
      1.0,
      1.0,
      1.0,
      1.0,
      1.0,
      1.0,
      1.0,
      1.0,
      1.0,
      1.0,
      1.0
    ]
  },
  "phase5/overall_valid_fraction": 1.0,
  "phase5/overall_target_family_retention": 0.6926406926406926,
  "phase5/pair_counts_by_target_family": {
    "amine": 1,
    "ether": 1,
    "amide": 1,
    "ester": 1,
    "alcohol": 1,
    "carboxylic_acid": 1,
    "ketone": 1,
    "nitrile": 1,
    "phenol": 1,
    "sulfonamide": 1,
    "aldehyde": 1
  }
}