split,token_accuracy,exact_sequence_accuracy,length_mae,length_rmse,exact_match_rate,length_mismatch_rate,invalid_smiles_rate
train,0.9987241732197342,0.9617763035740698,0.05673131693316675,0.24110524356365204,0.9617763035740698,0.05612866273708857,0.0
val,0.9987379012004682,0.9621475327291037,0.05683534743202417,0.24102729558944702,0.9621475327291037,0.05626888217522659,0.0
test,0.9987092847823075,0.9614430835462796,0.05624299794816279,0.23884853720664978,0.9614430835462796,0.05586535919739177,0.0
