property,direction_variant,span_label,decode_mode,span_multiplier,seeds,target_spearman_median,target_slope_median,monotonic_violations_median,validity_fraction_mean,uniqueness_fraction_mean,path_unique_canonical_median,path_constant_fraction_mean,path_similarity_end_median,adjacent_tanimoto_median,confound_slope_median,pred_len_slope_median,dp_no_worse_fraction
HBA,raw,x1,free_length,1.0,12,0.7274327903248466,-1.3554309547150836e-15,0.0,1.0,0.009259259259259259,1.0,0.75,1.0,1.0,-6.594669248147393e-16,0.350790441047542,1.0
HBA,raw,x16,free_length,16.0,12,0.10954777961570704,0.12955328788688306,2.0,1.0,0.08159722222222222,8.0,0.0,0.04839968774395004,0.1843992441090137,0.011760493600489755,2.531271932559103,1.0
HBA,raw,x4,free_length,4.0,12,0.7518103443773938,0.22323028066662925,0.0,1.0,0.05497685185185185,5.0,0.0,0.18073485600794437,0.7837837837837838,-0.0033561112783280183,2.2881103768329503,1.0
HBA,raw,x64,free_length,64.0,12,0.3362463296497057,0.08045776395037273,2.0,1.0,0.07465277777777778,7.5,0.0,0.04926886008640745,0.19851936783720486,0.007664876719438166,2.6610660447289947,1.0
