direction_variant,span_multiplier,span_label,direction_label,direction_space,target_name,confound_name,direction_source,target_mean_train,target_std_train,w_std_norm,delta_prop_nominal,delta_step_std_nominal,delta_step_std_effective,base_target_total_span_std,target_total_span_std,benchmark_total_span_std_ref,sweep_max_total_span_std,random_index,step_values_std
raw,1.0,x1,HBA__raw__x1,standardized_latent,HBA,token_entropy,inline_fit,4.095634769528042,1.8444236958451132,1.7645623683929443,0.4611059239612783,0.2613146082114544,0.2613146082114544,2.0905168656916353,2.0905168656916353,22.371986389160156,44.74397277832031,,"[0.0, 0.2613146082114544, 0.5226292164229088, 0.7839438246343633, 1.0452584328458177, 1.306573041057272, 1.5678876492687266, 1.829202257480181, 2.0905168656916353]"
raw,4.0,x4,HBA__raw__x4,standardized_latent,HBA,token_entropy,inline_fit,4.095634769528042,1.8444236958451132,1.7645623683929443,0.4611059239612783,0.2613146082114544,1.0452584328458177,2.0905168656916353,8.362067462766541,22.371986389160156,44.74397277832031,,"[0.0, 1.0452584328458177, 2.0905168656916353, 3.135775298537453, 4.181033731383271, 5.226292164229088, 6.271550597074906, 7.316809029920724, 8.362067462766541]"
raw,16.0,x16,HBA__raw__x16,standardized_latent,HBA,token_entropy,inline_fit,4.095634769528042,1.8444236958451132,1.7645623683929443,0.4611059239612783,0.2613146082114544,4.181033731383271,2.0905168656916353,33.448269851066165,22.371986389160156,44.74397277832031,,"[0.0, 4.181033731383271, 8.362067462766541, 12.543101194149813, 16.724134925533082, 20.905168656916352, 25.086202388299625, 29.267236119682895, 33.448269851066165]"
raw,64.0,x64,HBA__raw__x64,standardized_latent,HBA,token_entropy,inline_fit,4.095634769528042,1.8444236958451132,1.7645623683929443,0.4611059239612783,0.2613146082114544,5.592996597290039,2.0905168656916353,44.74397277832031,22.371986389160156,44.74397277832031,,"[0.0, 5.592996597290039, 11.185993194580078, 16.778989791870117, 22.371986389160156, 27.964982986450195, 33.557979583740234, 39.15097618103027, 44.74397277832031]"
