model,mean_raw_r2,mean_confound_r2,mean_residual_r2
linear_attention,0.6267593456934055,0.4704044193148603,0.3805401275684821
simple_attention,0.6379866670855603,0.4704044193148603,0.3906694779422411
