model,target,alpha,target_mean_train,target_std_train,r2_train,r2_val,r2_test,mae_train,mae_val,mae_test,source
C_to_PROPERTY,HBA,,4.095634769528042,1.8444236958451132,0.4092272053306951,0.41176674531199,0.41199078170522774,1.115194212103699,1.1138813740695224,1.1180021225647496,inline_confound_residualizer
Z_to_PROPERTY,HBA,0.0001,4.095634769528042,1.8444236958451128,0.7978974290267525,0.7974868229571543,0.7998492999046788,0.6471167033328695,0.6494880151745637,0.6468465086748175,step4_saved
Z_to_resid_PROPERTY,resid_HBA,0.0001,-1.0014783911961381e-15,1.4176562500880951,0.6342680513142736,0.6319011010184405,0.635996407284579,0.6691847969363767,0.6713062182953126,0.6686772367231542,step4_saved
Z_to_linked_confound,selfies_len_tokens,0.0001,36.42548802401805,12.632949502684344,0.9951796152436083,0.9951760208298392,0.9952081494923425,0.6673619337681345,0.6676687644207465,0.665157620348396,step3_saved_direction
random_control,HBA,,4.095634769528042,1.8444236958451128,,,,,,,step4_random_controls
