direction_variant,direction_label,direction_space,target_name,confound_name,direction_source,target_mean_train,target_std_train,w_std_norm,delta_prop_nominal,delta_step_std_nominal,delta_step_std_effective,target_total_span_std,benchmark_total_span_std_ref,random_index,step_values_std
raw,FractionCSP3__raw,standardized_latent,FractionCSP3,branch_token_count,inline_fit,0.35741553553143723,0.21774938638248212,0.2632846534252167,0.05443734659562053,0.20676232316397775,0.20676232316397775,1.654098585311822,22.371986389160156,,"[0.0, 0.20676232316397775, 0.4135246463279555, 0.6202869694919333, 0.827049292655911, 1.0338116158198887, 1.2405739389838666, 1.4473362621478443, 1.654098585311822]"
