direction_variant,direction_label,direction_space,target_name,confound_name,direction_source,target_mean_train,target_std_train,w_std_norm,delta_prop_nominal,delta_step_std_nominal,delta_step_std_effective,target_total_span_std,benchmark_total_span_std_ref,random_index,step_values_std
raw,TPSA__raw,standardized_latent,TPSA,selfies_len_tokens,inline_fit,61.69980900739861,28.415290526462613,24.71550941467285,7.103822631615653,0.2874236784857984,0.2874236784857984,2.2993894278863873,22.371986389160156,,"[0.0, 0.2874236784857984, 0.5748473569715968, 0.8622710354573953, 1.1496947139431937, 1.437118392428992, 1.7245420709147905, 2.0119657494005887, 2.2993894278863873]"
