model,target,alpha,target_mean_train,target_std_train,r2_train,r2_val,r2_test,mae_train,mae_val,mae_test,source
C_to_PROPERTY,TPSA,,61.69980900739861,28.415290526462613,0.37936336346395516,0.38109821855541715,0.38337953668979485,17.559099039822833,17.46605890629351,17.540213082359383,inline_confound_residualizer
Z_to_PROPERTY,TPSA,3162.2776601683795,61.69980900739861,28.415290526462613,0.6989263247466988,0.6981116417526421,0.7007456676004502,12.121641740227359,12.056583408714902,12.07835940765021,inline_fit
Z_to_resid_PROPERTY,resid_TPSA,0.03162277660168379,2.1756814499287368e-14,22.38570648358975,0.5255610001016247,0.5219006637362275,0.5251149745255915,11.952407867316708,11.90452803069088,11.921950464053591,inline_fit
Z_to_linked_confound,selfies_len_tokens,0.03162277660168379,36.42548802401805,12.632949502684344,0.9906708652110252,0.9905542915141781,0.990597251592407,0.9420765613414959,0.947200978678639,0.9406792207828508,step3_saved_direction
random_control,TPSA,,61.69980900739861,28.415290526462613,,,,,,,inline_random
