property,direction_variant,decode_mode,seeds,target_spearman_median,target_slope_median,monotonic_violations_median,validity_fraction_mean,uniqueness_fraction_mean,path_unique_canonical_median,path_constant_fraction_mean,path_similarity_end_median,adjacent_tanimoto_median,confound_slope_median,pred_len_slope_median,dp_no_worse_fraction
cLogP,confound,fixed_length_seed_pred,12,,8.008416154025109e-16,0.0,1.0,0.006944444444444444,1.0,1.0,1.0,1.0,8.008416154025109e-16,6.406732923220087e-15,1.0
cLogP,confound,free_length,12,,8.008416154025109e-16,0.0,1.0,0.006944444444444444,1.0,1.0,1.0,1.0,8.008416154025109e-16,8.54231056429345e-15,1.0
cLogP,random,fixed_length_seed_pred,12,,-8.917579588593133e-17,0.0,1.0,0.006944444444444444,1.0,1.0,1.0,1.0,-1.7835159177186266e-16,-1.4268127341749013e-15,1.0
cLogP,random,free_length,12,-0.5477225575051661,-8.917579588593133e-17,0.0,1.0,0.007523148148148148,1.0,0.9166666666666666,1.0,1.0,-1.7835159177186266e-16,-1.4268127341749013e-15,1.0
cLogP,raw,fixed_length_seed_pred,12,,-8.527672478283129e-16,0.0,1.0,0.006944444444444444,1.0,1.0,1.0,1.0,-1.7055344956566258e-15,-1.3644275965253007e-14,1.0
cLogP,raw,free_length,12,,-8.527672478283129e-16,0.0,1.0,0.006944444444444444,1.0,1.0,1.0,1.0,-1.7055344956566258e-15,-1.3644275965253007e-14,1.0
cLogP,residual,fixed_length_seed_pred,12,,0.0,0.0,1.0,0.006944444444444444,1.0,1.0,1.0,1.0,1.4647091894633835e-15,1.1717673515707068e-14,1.0
cLogP,residual,free_length,12,,0.0,0.0,1.0,0.006944444444444444,1.0,1.0,1.0,1.0,1.4647091894633835e-15,1.1717673515707068e-14,1.0
