model,target,alpha,target_mean_train,target_std_train,r2_train,r2_val,r2_test,mae_train,mae_val,mae_test,source
C_to_PROPERTY,cLogP,,3.1656121865490126,1.5938662626457871,0.36184875203083056,0.3664226686793084,0.35789551935783204,0.9911326678440704,0.9861938127812104,0.9893728421218748,inline_confound_residualizer
Z_to_PROPERTY,cLogP,3.1622776601683795,3.165612186549012,1.5938662626457871,0.7741189358571686,0.7718765637035383,0.7698921690372655,0.5814093404766614,0.5827213509172939,0.5824209933485114,step4_saved
Z_to_resid_PROPERTY,resid_cLogP,10.0,4.595168450461215e-18,1.2732500135182814,0.6608158560171765,0.6539910905005322,0.6571914991838752,0.5687130292993102,0.5707347029275012,0.5695235341786786,step4_saved
Z_to_linked_confound,branch_token_count,0.03162277660168379,6.26421901995525,2.7315788805507064,0.9664589589332713,0.9666177021235213,0.9664787965697097,0.3846991845785846,0.38485797971697133,0.38459421059505494,step3_saved_direction
random_control,cLogP,,3.165612186549012,1.5938662626457871,,,,,,,step4_random_controls
