direction_variant,direction_label,direction_space,target_name,confound_name,direction_source,target_mean_train,target_std_train,w_std_norm,delta_prop_nominal,delta_step_std_nominal,delta_step_std_effective,target_total_span_std,benchmark_total_span_std_ref,random_index,step_values_std
raw,cLogP__raw,standardized_latent,cLogP,branch_token_count,step4_saved,3.165612186549012,1.5938662626457871,5.926902770996094,0.3984665656614468,0.06723015056217621,0.06723015056217621,0.5378412044974097,30.20323944091797,,"[-0.26892060224870484, -0.20169045168652863, -0.13446030112435242, -0.06723015056217621, 0.0, 0.06723015056217621, 0.13446030112435242, 0.20169045168652863, 0.26892060224870484]"
residual,cLogP__residual,standardized_latent,resid_cLogP,branch_token_count,step4_saved,4.595168450461215e-18,1.2732500135182814,5.421497344970703,0.31831250337957034,0.058713023935141384,0.058713023935141384,0.4697041914811311,30.20323944091797,,"[-0.23485209574056554, -0.17613907180542415, -0.11742604787028277, -0.058713023935141384, 0.0, 0.058713023935141384, 0.11742604787028277, 0.17613907180542415, 0.23485209574056554]"
confound,cLogP__confound,standardized_latent,branch_token_count,branch_token_count,step3_saved_direction,6.26421901995525,2.7315788805507064,6.359376430511475,0.6828947201376766,0.10738391218064008,0.10738391218064008,0.8590712974451207,30.20323944091797,,"[-0.42953564872256034, -0.32215173654192025, -0.21476782436128017, -0.10738391218064008, 0.0, 0.10738391218064008, 0.21476782436128017, 0.32215173654192025, 0.42953564872256034]"
random,cLogP__random,standardized_latent,cLogP,branch_token_count,step4_random_controls,3.165612186549012,1.5938662626457871,0.6197896003723145,0.3984665656614468,0.6429061820690175,0.6429061820690175,5.14324945655214,30.20323944091797,974.0,"[-2.57162472827607, -1.9287185462070524, -1.285812364138035, -0.6429061820690175, 0.0, 0.6429061820690175, 1.285812364138035, 1.9287185462070524, 2.57162472827607]"
