property,direction_variant,span_label,decode_mode,span_multiplier,seeds,target_spearman_median,target_slope_median,monotonic_violations_median,validity_fraction_mean,uniqueness_fraction_mean,path_unique_canonical_median,path_constant_fraction_mean,path_similarity_end_median,adjacent_tanimoto_median,confound_slope_median,pred_len_slope_median,dp_no_worse_fraction
FractionCSP3,raw,x1,free_length,1.0,12,,-1.726556946617653e-16,0.0,1.0,0.008680555555555554,1.0,0.9166666666666666,1.0,1.0,-3.167999201501732e-15,-1.4030985816445112e-14,1.0
FractionCSP3,raw,x16,free_length,16.0,12,0.8724775663816615,0.023319203677483392,1.0,1.0,0.0625,8.0,0.0,0.033078184800437394,0.4033107515807459,-0.17381068006040418,0.12091177743332368,1.0
FractionCSP3,raw,x4,free_length,4.0,12,0.8598877576110975,0.05655701194166854,1.0,1.0,0.04340277777777777,5.0,0.0,0.08862356823917686,0.8356133150934792,-0.12091177743332554,-0.3526593508472008,1.0
FractionCSP3,raw,x64,free_length,64.0,12,0.655651147937754,0.011562243493475614,2.0,1.0,0.06770833333333333,8.0,0.0,0.025158227848101268,0.4260531135531136,-0.029799171833471437,0.47827670792721555,1.0
