model,target,alpha,target_mean_train,target_std_train,r2_train,r2_val,r2_test,mae_train,mae_val,mae_test,source
C_to_PROPERTY,FractionCSP3,,0.35741553553143723,0.21774938638248212,0.3094806437557024,0.31129590923525474,0.3059054118325275,0.14316085335769518,0.14311017633990902,0.1427809164278236,inline_confound_residualizer
Z_to_PROPERTY,FractionCSP3,0.0001,0.35741553553143723,0.21774938638248212,0.7863977062906552,0.7843740974986981,0.78619125315867,0.07841096988617453,0.07880070596521468,0.07795550449570159,inline_fit
Z_to_resid_PROPERTY,resid_FractionCSP3,0.0001,3.429046627144658e-17,0.18094428398338344,0.7144393667718083,0.7116665025651303,0.7161457063779444,0.07522694523176392,0.07544141835763565,0.07491732049869926,inline_fit
Z_to_linked_confound,branch_token_count,0.0001,6.26421901995525,2.7315788805507064,0.9302356574287568,0.9303085108772455,0.9300928779351871,0.5582429393221114,0.5576291796063848,0.5583922842688447,step3_saved_direction
random_control,FractionCSP3,,0.35741553553143723,0.21774938638248212,,,,,,,inline_random
