direction_variant,span_multiplier,span_label,direction_label,direction_space,target_name,confound_name,direction_source,target_mean_train,target_std_train,w_std_norm,delta_prop_nominal,delta_step_std_nominal,delta_step_std_effective,base_target_total_span_std,target_total_span_std,benchmark_total_span_std_ref,sweep_max_total_span_std,random_index,step_values_std
raw,1.0,x1,FractionCSP3__raw__x1,standardized_latent,FractionCSP3,branch_token_count,inline_fit,0.35741553553143723,0.21774938638248212,0.2632846534252167,0.05443734659562053,0.20676232316397775,0.20676232316397775,1.654098585311822,1.654098585311822,22.371986389160156,44.74397277832031,,"[0.0, 0.20676232316397775, 0.4135246463279555, 0.6202869694919333, 0.827049292655911, 1.0338116158198887, 1.2405739389838666, 1.4473362621478443, 1.654098585311822]"
raw,4.0,x4,FractionCSP3__raw__x4,standardized_latent,FractionCSP3,branch_token_count,inline_fit,0.35741553553143723,0.21774938638248212,0.2632846534252167,0.05443734659562053,0.20676232316397775,0.827049292655911,1.654098585311822,6.616394341247288,22.371986389160156,44.74397277832031,,"[0.0, 0.827049292655911, 1.654098585311822, 2.481147877967733, 3.308197170623644, 4.135246463279555, 4.962295755935466, 5.789345048591377, 6.616394341247288]"
raw,16.0,x16,FractionCSP3__raw__x16,standardized_latent,FractionCSP3,branch_token_count,inline_fit,0.35741553553143723,0.21774938638248212,0.2632846534252167,0.05443734659562053,0.20676232316397775,3.308197170623644,1.654098585311822,26.46557736498915,22.371986389160156,44.74397277832031,,"[0.0, 3.308197170623644, 6.616394341247288, 9.924591511870933, 13.232788682494576, 16.54098585311822, 19.849183023741865, 23.15738019436551, 26.46557736498915]"
raw,64.0,x64,FractionCSP3__raw__x64,standardized_latent,FractionCSP3,branch_token_count,inline_fit,0.35741553553143723,0.21774938638248212,0.2632846534252167,0.05443734659562053,0.20676232316397775,5.592996597290039,1.654098585311822,44.74397277832031,22.371986389160156,44.74397277832031,,"[0.0, 5.592996597290039, 11.185993194580078, 16.778989791870117, 22.371986389160156, 27.964982986450195, 33.557979583740234, 39.15097618103027, 44.74397277832031]"
