model,target,alpha,target_mean_train,target_std_train,r2_train,r2_val,r2_test,mae_train,mae_val,mae_test,source
C_to_PROPERTY,FractionCSP3,,0.35741553553143723,0.21774938638248212,0.3094806437557024,0.31129590923525474,0.3059054118325275,0.14316085335769518,0.14311017633990902,0.1427809164278236,inline_confound_residualizer
Z_to_PROPERTY,FractionCSP3,0.0001,0.3574155355314375,0.2177493863824821,0.8583087772158204,0.8579800774547808,0.8586883139231699,0.0630365878025133,0.0630425511235475,0.0627184748576109,step4_saved
Z_to_resid_PROPERTY,resid_FractionCSP3,3.1622776601683795,-3.7032473722725435e-17,0.1809442839211111,0.7827275357782035,0.7816598305900484,0.7843117942077705,0.0648482846609908,0.0647446805237038,0.0645485120806773,step4_saved
Z_to_linked_confound,token_entropy,0.03162277660168379,1.9273031393252602,0.2471096221687621,0.8837936719616518,0.8823660662552781,0.8849105384522704,0.06425874132593504,0.06454797982936056,0.06390683892161797,step3_saved_direction
random_control,FractionCSP3,,0.3574155355314375,0.2177493863824821,,,,,,,step4_random_controls
