split,token_accuracy,exact_sequence_accuracy,length_mae,length_rmse,exact_match_rate,length_mismatch_rate,invalid_smiles_rate
train,0.9999295256808051,0.9978018070184824,0.019525681251003114,0.14065466821193695,0.9978018070184824,0.019402947498277007,0.0
val,0.999929883400026,0.9977970795568983,0.019398288016112788,0.1398189812898636,0.9977970795568983,0.019322759315206446,0.0
test,0.9999290743980148,0.9976712277035787,0.019121108747372263,0.13873352110385895,0.9976712277035787,0.019058168955577093,0.0
